Title,URL,Description,Details,ShortDetails,Resource,Type,Identifiers,Db,EntrezUID,Properties;;
"Hip Arthroscopic Management Can Improve Osteitis Pubis and Bone Marrow Edema in Competitive Soccer Players With Femoroacetabular Impingement.,""/pubmed/30664355"",""Saito M, Utsunomiya H, Hatakeyama A, Nakashima H, Nishimura H, Matsuda DK, Sakai A, Uchida S."",""Am J Sports Med. 2019 Jan 21:363546518819099. doi: 10.1177/0363546518819099. [Epub ahead of print]"",""Am J Sports Med.  2019"",""PubMed"",""citation"",""PMID:30664355"",""pubmed"",""30664355"",""create date:2019/01/22 | first author:Saito M"",";;
"Age-Appropriate Pediatric Sports Patient-Reported Outcome Measures and Their Psychometric Properties: A Systematic Review.,""/pubmed/30649907"",""Suryavanshi JR, Goto R, Jivanelli B";" PRiSM Outcomes Measures Research Interest Group., Fabricant PD, Aberdeen J, Duer T, Lam KC, Franklin CC, MacDonald J, Shea KG."",""Am J Sports Med. 2019 Jan 16:363546518818822. doi: 10.1177/0363546518818822. [Epub ahead of print]"",""Am J Sports Med.  2019"",""PubMed"",""citation"",""PMID:30649907"",""pubmed"",""30649907"",""create date:2019/01/17 | first author:Suryavanshi JR"",";
"Anatomic Features of the Tibial Plateau Predict Outcomes of ACL Reconstruction Within 7 Years After Surgery.,""/pubmed/30640519"",""Kiapour AM, Yang DS, Badger GJ, Karamchedu NP, Murray MM, Fadale PD, Hulstyn MJ, Shalvoy RM, Fleming BC."",""Am J Sports Med. 2019 Jan 14:363546518823556. doi: 10.1177/0363546518823556. [Epub ahead of print]"",""Am J Sports Med.  2019"",""PubMed"",""citation"",""PMID:30640519"",""pubmed"",""30640519"",""create date:2019/01/15 | first author:Kiapour AM"",";;
"Posterior Tibial Slope and Risk of Posterior Cruciate Ligament Injury.,""/pubmed/30640507"",""Bernhardson AS, DePhillipo NN, Daney BT, Kennedy MI, Aman ZS, LaPrade RF."",""Am J Sports Med. 2019 Jan 14:363546518819176. doi: 10.1177/0363546518819176. [Epub ahead of print]"",""Am J Sports Med.  2019"",""PubMed"",""citation"",""PMID:30640507"",""pubmed"",""30640507"",""create date:2019/01/15 | first author:Bernhardson AS"",";;
"Delayed ACL Reconstruction in Patients ≥40 Years of Age Is Associated With Increased Risk of Medial Meniscal Injury at 1 Year.,""/pubmed/30624961"",""Stone JA, Perrone GS, Nezwek TA, Cui Q, Vlad SC, Richmond JC, Salzler MJ."",""Am J Sports Med. 2019 Jan 9:363546518817749. doi: 10.1177/0363546518817749. [Epub ahead of print]"",""Am J Sports Med.  2019"",""PubMed"",""citation"",""PMID:30624961"",""pubmed"",""30624961"",""create date:2019/01/10 | first author:Stone JA"",";;
"Professional Athletes Are Not at a Higher Risk of Infections After Anterior Cruciate Ligament Reconstruction: Incidence of Septic Arthritis, Additional Costs, and Clinical Outcomes From the French Prospective Anterior Cruciate Ligament Study (FAST) Cohort.,""/pubmed/30481480"",""Bohu Y, Klouche S, Herman S, de Pamphilis O, Gerometta A, Lefevre N."",""Am J Sports Med. 2019 Jan";"47(1):104-111. doi: 10.1177/0363546518810527. Epub 2018 Nov 27."",""Am J Sports Med.  2019"",""PubMed"",""citation"",""PMID:30481480"",""pubmed"",""30481480"",""create date:2018/11/28 | first author:Bohu Y"",";
"Predictors of 5-Year Citation Rate in the Orthopaedic Sports Medicine Literature.,""/pubmed/30481045"",""Movassagi K, Kunze KN, Beck EC, Fu MC, Nho SJ."",""Am J Sports Med. 2019 Jan";"47(1):206-211. doi: 10.1177/0363546518810504. Epub 2018 Nov 27."",""Am J Sports Med.  2019"",""PubMed"",""citation"",""PMID:30481045"",""pubmed"",""30481045"",""create date:2018/11/28 | first author:Movassagi K"",";
"Injury epidemiology and risk factors in competitive artistic gymnasts: a systematic review.,""/pubmed/30670379"",""Campbell RA, Bradshaw EJ, Ball NB, Pease DL, Spratford W."",""Br J Sports Med. 2019 Jan 22. pii: bjsports-2018-099547. doi: 10.1136/bjsports-2018-099547. [Epub ahead of print] Review."",""Br J Sports Med.  2019"",""PubMed"",""citation"",""PMID:30670379"",""pubmed"",""30670379"",""create date:2019/01/24 | first author:Campbell RA"",";;
"Subacromial decompression surgery for adults with shoulder pain: a systematic review with meta-analysis.,""/pubmed/30647053"",""Lähdeoja T, Karjalainen T, Jokihaara J, Salamh P, Kavaja L, Agarwal A, Winters M, Buchbinder R, Guyatt G, Vandvik PO, Ardern CL."",""Br J Sports Med. 2019 Jan 15. pii: bjsports-2018-100486. doi: 10.1136/bjsports-2018-100486. [Epub ahead of print] Review."",""Br J Sports Med.  2019"",""PubMed"",""citation"",""PMID:30647053"",""pubmed"",""30647053"",""create date:2019/01/17 | first author:Lähdeoja T"",";;
"Efficacy of heavy eccentric calf training for treating mid-portion Achilles tendinopathy: a systematic review and meta-analysis.,""/pubmed/30636702"",""Murphy MC, Travers MJ, Chivers P, Debenham JR, Docking SI, Rio EK, Gibson W."",""Br J Sports Med. 2019 Jan 13. pii: bjsports-2018-099934. doi: 10.1136/bjsports-2018-099934. [Epub ahead of print] Review."",""Br J Sports Med.  2019"",""PubMed"",""citation"",""PMID:30636702"",""pubmed"",""30636702"",""create date:2019/01/15 | first author:Murphy MC"",";;
"Correction: Prenatal exercise (including but not limited to pelvic floor muscle training) and urinary incontinence during and following pregnancy: a systematic review and meta-analysis.,""/pubmed/30606751"",""[No authors listed]"",""Br J Sports Med. 2019 Jan";"53(2):e1. doi: 10.1136/bjsports-2018-099780corr1. No abstract available. "",""Br J Sports Med.  2019"",""PubMed"",""citation"",""PMID:30606751"",""pubmed"",""30606751"",""create date:2019/01/05"",";
"Systematic review of musculoskeletal injuries in professional golfers.,""/pubmed/30366967"",""Robinson PG, Murray IR, Duckworth AD, Hawkes R, Glover D, Tilley NR, Hillman R, Oliver CW, Murray AD."",""Br J Sports Med. 2019 Jan";"53(1):13-18. doi: 10.1136/bjsports-2018-099572. Epub 2018 Oct 26."",""Br J Sports Med.  2019"",""PubMed"",""citation"",""PMID:30366967"",""pubmed"",""30366967"",""create date:2018/10/28 | first author:Robinson PG"",";
"Impact of prenatal exercise on maternal harms, labour and delivery outcomes: a systematic review and meta-analysis.,""/pubmed/30337349"",""Davenport MH, Ruchat SM, Sobierajski F, Poitras VJ, Gray CE, Yoo C, Skow RJ, Jaramillo Garcia A, Barrowman N, Meah VL, Nagpal TS, Riske L, James M, Nuspl M, Weeks A, Marchand AA, Slater LG, Adamo KB, Davies GA, Barakat R, Mottola MF."",""Br J Sports Med. 2019 Jan";"53(2):99-107. doi: 10.1136/bjsports-2018-099821. Epub 2018 Oct 18."",""Br J Sports Med.  2019"",""PubMed"",""citation"",""PMID:30337349"",""pubmed"",""30337349"",""create date:2018/10/20 | first author:Davenport MH"",";
"Is supine exercise associated with adverse maternal and fetal outcomes? A systematic review.,""/pubmed/30337348"",""Mottola MF, Nagpal TS, Bgeginski R, Davenport MH, Poitras VJ, Gray CE, Davies GA, Adamo KB, Slater LG, Barrowman N, Barakat R, Ruchat SM."",""Br J Sports Med. 2019 Jan";"53(2):82-89. doi: 10.1136/bjsports-2018-099919. Epub 2018 Oct 18."",""Br J Sports Med.  2019"",""PubMed"",""citation"",""PMID:30337348"",""pubmed"",""30337348"",""create date:2018/10/20 | first author:Mottola MF"",";
"Effects of prenatal exercise on incidence of congenital anomalies and hyperthermia: a systematic review and meta-analysis.,""/pubmed/30337347"",""Davenport MH, Yoo C, Mottola MF, Poitras VJ, Jaramillo Garcia A, Gray CE, Barrowman N, Davies GA, Kathol A, Skow RJ, Meah VL, Riske L, Sobierajski F, James M, Nagpal TS, Marchand AA, Slater LG, Adamo KB, Barakat R, Ruchat SM."",""Br J Sports Med. 2019 Jan";"53(2):116-123. doi: 10.1136/bjsports-2018-099653. Epub 2018 Oct 18."",""Br J Sports Med.  2019"",""PubMed"",""citation"",""PMID:30337347"",""pubmed"",""30337347"",""create date:2018/10/20 | first author:Davenport MH"",";
"Prenatal exercise is not associated with fetal mortality: a systematic review and meta-analysis.,""/pubmed/30337346"",""Davenport MH, Kathol AJ, Mottola MF, Skow RJ, Meah VL, Poitras VJ, Jaramillo Garcia A, Gray CE, Barrowman N, Riske L, Sobierajski F, James M, Nagpal T, Marchand AA, Slater LG, Adamo KB, Davies GA, Barakat R, Ruchat SM."",""Br J Sports Med. 2019 Jan";"53(2):108-115. doi: 10.1136/bjsports-2018-099773. Epub 2018 Oct 18."",""Br J Sports Med.  2019"",""PubMed"",""citation"",""PMID:30337346"",""pubmed"",""30337346"",""create date:2018/10/20 | first author:Davenport MH"",";
"Effects of prenatal exercise on fetal heart rate, umbilical and uterine blood flow: a systematic review and meta-analysis.,""/pubmed/30337345"",""Skow RJ, Davenport MH, Mottola MF, Davies GA, Poitras VJ, Gray CE, Jaramillo Garcia A, Barrowman N, Meah VL, Slater LG, Adamo KB, Barakat R, Ruchat SM."",""Br J Sports Med. 2019 Jan";"53(2):124-133. doi: 10.1136/bjsports-2018-099822. Epub 2018 Oct 18."",""Br J Sports Med.  2019"",""PubMed"",""citation"",""PMID:30337345"",""pubmed"",""30337345"",""create date:2018/10/20 | first author:Skow RJ"",";
"Exercise for the prevention and treatment of low back, pelvic girdle and lumbopelvic pain during pregnancy: a systematic review and meta-analysis.,""/pubmed/30337344"",""Davenport MH, Marchand AA, Mottola MF, Poitras VJ, Gray CE, Jaramillo Garcia A, Barrowman N, Sobierajski F, James M, Meah VL, Skow RJ, Riske L, Nuspl M, Nagpal TS, Courbalay A, Slater LG, Adamo KB, Davies GA, Barakat R, Ruchat SM."",""Br J Sports Med. 2019 Jan";"53(2):90-98. doi: 10.1136/bjsports-2018-099400. Epub 2018 Oct 18."",""Br J Sports Med.  2019"",""PubMed"",""citation"",""PMID:30337344"",""pubmed"",""30337344"",""create date:2018/10/20 | first author:Davenport MH"",";
"Analysis of water polo injuries during 8904 player matches at FINA World Championships and Olympic games to make the sport safer.,""/pubmed/30194222"",""Mountjoy M, Miller J, Junge A."",""Br J Sports Med. 2019 Jan";"53(1):25-31. doi: 10.1136/bjsports-2018-099349. Epub 2018 Sep 7."",""Br J Sports Med.  2019"",""PubMed"",""citation"",""PMID:30194222"",""pubmed"",""30194222"",""create date:2018/09/09 | first author:Mountjoy M"",";
"What are the risk factors for injuries and injury prevention strategies for skiers and snowboarders in terrain parks and half-pipes? A systematic review.,""/pubmed/30072399"",""Audet O, Hagel BE, Nettel-Aguirre A, Mitra T, Emery CA, Macpherson A, Lavoie MD, Goulet C."",""Br J Sports Med. 2019 Jan";"53(1):19-24. doi: 10.1136/bjsports-2018-099166. Epub 2018 Aug 2."",""Br J Sports Med.  2019"",""PubMed"",""citation"",""PMID:30072399"",""pubmed"",""30072399"",""create date:2018/08/04 | first author:Audet O"",";
"What counts as 'the evidence'? A need for an urgent review of injury risk in school rugby.,""/pubmed/29351956"",""Piggin J, Bairner A."",""Br J Sports Med. 2019 Jan";"53(1):10-11. doi: 10.1136/bjsports-2017-098484. Epub 2018 Jan 19. No abstract available. "",""Br J Sports Med.  2019"",""PubMed"",""citation"",""PMID:29351956"",""pubmed"",""29351956"",""create date:2018/01/21 | first author:Piggin J"",";
"Getting the systematic review basics right helps clinical practice: 4 common pitfalls for systematic review authors to avoid.,""/pubmed/29217534"",""Bero L."",""Br J Sports Med. 2019 Jan";"53(1):6-8. doi: 10.1136/bjsports-2017-098239. Epub 2017 Dec 7. No abstract available. "",""Br J Sports Med.  2019"",""PubMed"",""citation"",""PMID:29217534"",""pubmed"",""29217534"",""create date:2017/12/09 | first author:Bero L"",";
"Is abdominal hypopressive technique effective in the prevention and treatment of pelvic floor dysfunction? Marketing or evidence from high-quality clinical trials?,""/pubmed/29038216"",""Martín-Rodríguez S, Bø K."",""Br J Sports Med. 2019 Jan";"53(2):135-136. doi: 10.1136/bjsports-2017-098046. Epub 2017 Oct 16. No abstract available. "",""Br J Sports Med.  2019"",""PubMed"",""citation"",""PMID:29038216"",""pubmed"",""29038216"",""create date:2017/10/19 | first author:Martín-Rodríguez S"",";
"Unravelling confusion in sports medicine and sports science practice: a systematic approach to using the best of research and practice-based evidence to make a quality decision.,""/pubmed/28818957"",""Ardern CL, Dupont G, Impellizzeri FM, O'Driscoll G, Reurink G, Lewin C, McCall A."",""Br J Sports Med. 2019 Jan";"53(1):50-56. doi: 10.1136/bjsports-2016-097239. Epub 2017 Aug 17. No abstract available. "",""Br J Sports Med.  2019"",""PubMed"",""citation"",""PMID:28818957"",""pubmed"",""28818957"",""create date:2017/08/19 | first author:Ardern CL"",";
"Aspirin for primary prevention of cardiovascular outcomes in diabetes mellitus: An updated systematic review and meta-analysis.,""/pubmed/30700151"",""Khan SU, Ul Abideen Asad Z, Khan MU, Talluri S, Ali F, Shahzeb Khan M, Lone AN, Mookadam F, Krasuski RA, Kaluski E."",""Eur J Prev Cardiol. 2019 Jan 30:2047487319825510. doi: 10.1177/2047487319825510. [Epub ahead of print]"",""Eur J Prev Cardiol.  2019"",""PubMed"",""citation"",""PMID:30700151"",""pubmed"",""30700151"",""create date:2019/02/01 | first author:Khan SU"",";;
"Coronary heart disease mortality trends during 50 years as explained by risk factor changes: The European cohorts of the Seven Countries Study.,""/pubmed/30614262"",""Menotti A, Puddu PE, Kromhout D, Kafatos A, Tolonen H."",""Eur J Prev Cardiol. 2019 Jan 6:2047487318821250. doi: 10.1177/2047487318821250. [Epub ahead of print]"",""Eur J Prev Cardiol.  2019"",""PubMed"",""citation"",""PMID:30614262"",""pubmed"",""30614262"",""create date:2019/01/08 | first author:Menotti A"",";;
"Safety and efficacy of aerobic exercise commenced early after cardiac surgery: A systematic review and meta-analysis.,""/pubmed/30188177"",""Doyle MP, Indraratna P, Tardo DT, Peeceeyen SC, Peoples GE."",""Eur J Prev Cardiol. 2019 Jan";"26(1):36-45. doi: 10.1177/2047487318798924. Epub 2018 Sep 6."",""Eur J Prev Cardiol.  2019"",""PubMed"",""citation"",""PMID:30188177"",""pubmed"",""30188177"",""create date:2018/09/07 | first author:Doyle MP"",";
"Measuring change in trials of physical activity interventions: a comparison of self-report questionnaire and accelerometry within the PACE-UP trial.,""/pubmed/30670036"",""Limb ES, Ahmad S, Cook DG, Kerry SM, Ekelund U, Whincup PH, Victor CR, Iliffe S, Ussher M, Fox-Rushby J, Furness C, Ibison J, DeWilde S, Harris T."",""Int J Behav Nutr Phys Act. 2019 Jan 22";"16(1):10. doi: 10.1186/s12966-018-0762-5."",""Int J Behav Nutr Phys Act.  2019"",""PubMed"",""citation"",""PMID:30670036 | PMCID:PMC6341662"",""pubmed"",""30670036"",""create date:2019/01/24 | first author:Limb ES"",";
"A systematic review of factors that influence food store owner and manager decision making and ability or willingness to use choice architecture and marketing mix strategies to encourage healthy consumer purchases in the United States, 2005-2017.,""/pubmed/30642352"",""Houghtaling B, Serrano EL, Kraak VI, Harden SM, Davis GC, Misyak SA."",""Int J Behav Nutr Phys Act. 2019 Jan 14";"16(1):5. doi: 10.1186/s12966-019-0767-8. Review."",""Int J Behav Nutr Phys Act.  2019"",""PubMed"",""citation"",""PMID:30642352 | PMCID:PMC6332888"",""pubmed"",""30642352"",""create date:2019/01/16 | first author:Houghtaling B"",";
"Combined training is the most effective training modality to improve aerobic capacity and blood pressure control in people requiring haemodialysis for end-stage renal disease: systematic review and network meta-analysis.,""/pubmed/30581137"",""Scapini KB, Bohlke M, Moraes OA, Rodrigues CG, Inácio JF, Sbruzzi G, Leguisamo CP, Sanches IC, Tourinho Filho H, Irigoyen MC."",""J Physiother. 2019 Jan";"65(1):4-15. doi: 10.1016/j.jphys.2018.11.008. Epub 2018 Dec 21."",""J Physiother.  2019"",""PubMed"",""citation"",""PMID:30581137"",""pubmed"",""30581137"",""create date:2018/12/26 | first author:Scapini KB"",";
"Women with gestational diabetes mellitus want clear and practical messages from credible sources about physical activity during pregnancy: a qualitative study.,""/pubmed/30573442"",""Harrison AL, Taylor NF, Frawley HC, Shields N."",""J Physiother. 2019 Jan";"65(1):37-42. doi: 10.1016/j.jphys.2018.11.007. Epub 2018 Dec 17."",""J Physiother.  2019"",""PubMed"",""citation"",""PMID:30573442"",""pubmed"",""30573442"",""create date:2018/12/24 | first author:Harrison AL"",";
"Media: Review - Healthtalk: an excellent website to help understand the experiences of patients.,""/pubmed/30528851"",""Loughran I."",""J Physiother. 2019 Jan";"65(1):61. doi: 10.1016/j.jphys.2018.10.002. Epub 2018 Dec 6. No abstract available. "",""J Physiother.  2019"",""PubMed"",""citation"",""PMID:30528851"",""pubmed"",""30528851"",""create date:2018/12/12 | first author:Loughran I"",";
"Combining higher-load and lower-load resistance training exercises: A systematic review and meta-analysis of findings from complex training studies.,""/pubmed/30683485"",""Bauer P, Uebellacker F, Mitter B, Aigner AJ, Hasenoehrl T, Ristl R, Tschan H, Seitz LB."",""J Sci Med Sport. 2019 Jan 16. pii: S1440-2440(18)30966-6. doi: 10.1016/j.jsams.2019.01.006. [Epub ahead of print] Review."",""J Sci Med Sport.  2019"",""PubMed"",""citation"",""PMID:30683485"",""pubmed"",""30683485"",""create date:2019/01/27 | first author:Bauer P"",";;
"Removing relative age effects from youth swimming: The development and testing of corrective adjustment procedures.,""/pubmed/30665755"",""Cobley S, Abbott S, Eisenhuth J, Salter J, McGregor D, Romann M."",""J Sci Med Sport. 2019 Jan 18. pii: S1440-2440(18)30564-4. doi: 10.1016/j.jsams.2018.12.013. [Epub ahead of print]"",""J Sci Med Sport.  2019"",""PubMed"",""citation"",""PMID:30665755"",""pubmed"",""30665755"",""create date:2019/01/23 | first author:Cobley S"",";;
"Acute carbohydrate ingestion does not influence the post-exercise iron-regulatory response in elite keto-adapted race walkers.,""/pubmed/30630742"",""McKay AKA, Peeling P, Pyne DB, Welvaert M, Tee N, Leckey JJ, Sharma AP, Ross MLR, Garvican-Lewis LA, van Swelm RPL, Laarakkers CM, Burke LM."",""J Sci Med Sport. 2019 Jan 4. pii: S1440-2440(18)31085-5. doi: 10.1016/j.jsams.2018.12.015. [Epub ahead of print]"",""J Sci Med Sport.  2019"",""PubMed"",""citation"",""PMID:30630742"",""pubmed"",""30630742"",""create date:2019/01/12 | first author:McKay AKA"",";;
"Wearing compression socks during exercise aids subsequent performance.,""/pubmed/30554612"",""Brophy-Williams N, Driller MW, Kitic CM, Fell JW, Halson SL."",""J Sci Med Sport. 2019 Jan";"22(1):123-127. doi: 10.1016/j.jsams.2018.06.010. Epub 2018 Jun 19."",""J Sci Med Sport.  2019"",""PubMed"",""citation"",""PMID:30554612"",""pubmed"",""30554612"",""create date:2018/12/18 | first author:Brophy-Williams N"",";
"Exercise, health outcomes, and pædiatric obesity: A systematic review of meta-analyses.,""/pubmed/30054135"",""García-Hermoso A, Ramírez-Vélez R, Saavedra JM."",""J Sci Med Sport. 2019 Jan";"22(1):76-84. doi: 10.1016/j.jsams.2018.07.006. Epub 2018 Jul 24."",""J Sci Med Sport.  2019"",""PubMed"",""citation"",""PMID:30054135"",""pubmed"",""30054135"",""create date:2018/07/29 | first author:García-Hermoso A"",";
"Motor learning of a dynamic balance task: Influence of lower limb power and prior balance practice.,""/pubmed/29921504"",""Giboin LS, Gruber M, Kramer A."",""J Sci Med Sport. 2019 Jan";"22(1):101-105. doi: 10.1016/j.jsams.2018.05.029. Epub 2018 Jun 7."",""J Sci Med Sport.  2019"",""PubMed"",""citation"",""PMID:29921504"",""pubmed"",""29921504"",""create date:2018/06/21 | first author:Giboin LS"",";
"Histamine-Receptor Antagonists Slow 10-km Cycling Performance in Competitive Cyclists.,""/pubmed/30694974"",""Ely MR, Sieck DC, Mangum JE, Larson EA, Brito LC, Minson CT, Halliwill JR."",""Med Sci Sports Exerc. 2019 Jan 25. doi: 10.1249/MSS.0000000000001911. [Epub ahead of print]"",""Med Sci Sports Exerc.  2019"",""PubMed"",""citation"",""PMID:30694974"",""pubmed"",""30694974"",""create date:2019/01/30 | first author:Ely MR"",";;
"Blood Flow Restriction Only Increases Myofibrillar Protein Synthesis with Exercise.,""/pubmed/30694972"",""Nyakayiru J, Fuchs CJ, Trommelen J, Smeets JSJ, Senden JM, Gijsen AP, Zorenc AH, van Loon LJC, Verdijk LB."",""Med Sci Sports Exerc. 2019 Jan 25. doi: 10.1249/MSS.0000000000001899. [Epub ahead of print]"",""Med Sci Sports Exerc.  2019"",""PubMed"",""citation"",""PMID:30694972"",""pubmed"",""30694972"",""create date:2019/01/30 | first author:Nyakayiru J"",";;
"Dynamic Changes of Cardiac Repolarization Instability during Exercise Testing.,""/pubmed/30664030"",""Hamm W, von Stülpnagel L, Rizas KD, Vdovin N, Klemm M, Bauer A, Brunner S."",""Med Sci Sports Exerc. 2019 Jan 17. doi: 10.1249/MSS.0000000000001912. [Epub ahead of print]"",""Med Sci Sports Exerc.  2019"",""PubMed"",""citation"",""PMID:30664030"",""pubmed"",""30664030"",""create date:2019/01/22 | first author:Hamm W"",";;
"Similar Isokinetic Strength Preinjury and at Return to Sport after Hamstring Injury.,""/pubmed/30640285"",""van Dyk N, Wangensteen A, Vermeulen R, Whiteley R, Bahr R, Tol J, Witvrouw E."",""Med Sci Sports Exerc. 2019 Jan 10. doi: 10.1249/MSS.0000000000001900. [Epub ahead of print]"",""Med Sci Sports Exerc.  2019"",""PubMed"",""citation"",""PMID:30640285"",""pubmed"",""30640285"",""create date:2019/01/15 | first author:van Dyk N"",";;
"PHYSIOLOGICAL RESPONSES TO EXERCISE IN PEDIATRIC HEART TRANSPLANT RECIPIENTS.,""/pubmed/30629048"",""Bovard JM, De Souza AM, Harris KC, Human DG, Hosking MCK, Potts JE, Armstrong K, Sandor GGS, Cote AT."",""Med Sci Sports Exerc. 2019 Jan 8. doi: 10.1249/MSS.0000000000001889. [Epub ahead of print]"",""Med Sci Sports Exerc.  2019"",""PubMed"",""citation"",""PMID:30629048"",""pubmed"",""30629048"",""create date:2019/01/11 | first author:Bovard JM"",";;
"Women Experience the Same Ergogenic Response to Caffeine as Men.,""/pubmed/30629046"",""Skinner TL, Desbrow B, Arapova J, Schaumberg MA, Osborne J, Grant GD, Anoopkumar-Dukie S, Leveritt MD."",""Med Sci Sports Exerc. 2019 Jan 8. doi: 10.1249/MSS.0000000000001885. [Epub ahead of print]"",""Med Sci Sports Exerc.  2019"",""PubMed"",""citation"",""PMID:30629046"",""pubmed"",""30629046"",""create date:2019/01/11 | first author:Skinner TL"",";;
"Does Exercise Alter Gut Microbial Composition? A Systematic Review.,""/pubmed/30157109"",""Mitchell CM, Davy BM, Hulver MW, Neilson AP, Bennett BJ, Davy KP."",""Med Sci Sports Exerc. 2019 Jan";"51(1):160-167. doi: 10.1249/MSS.0000000000001760."",""Med Sci Sports Exerc.  2019"",""PubMed"",""citation"",""PMID:30157109"",""pubmed"",""30157109"",""create date:2018/08/30 | first author:Mitchell CM"",";
"No Difference between Spray Dried Milk and Native Whey Supplementation with Strength Training.,""/pubmed/30157103"",""Hamarsland H, Handegard V, Kåshagen M, Benestad HB, Raastad T."",""Med Sci Sports Exerc. 2019 Jan";"51(1):75-83. doi: 10.1249/MSS.0000000000001758."",""Med Sci Sports Exerc.  2019"",""PubMed"",""citation"",""PMID:30157103 | PMCID:PMC6303128"",""pubmed"",""30157103"",""create date:2018/08/30 | first author:Hamarsland H"",";
"Aftereffects of Cognitively Demanding Acute Aerobic Exercise on Working Memory.,""/pubmed/30153193"",""Kamijo K, Abe R."",""Med Sci Sports Exerc. 2019 Jan";"51(1):153-159. doi: 10.1249/MSS.0000000000001763."",""Med Sci Sports Exerc.  2019"",""PubMed"",""citation"",""PMID:30153193 | PMCID:PMC6303127"",""pubmed"",""30153193"",""create date:2018/08/29 | first author:Kamijo K"",";
"Predictors of Dropout in Exercise Trials in Older Adults: The Generation 100 Study.,""/pubmed/30113524"",""Viken H, Reitlo LS, Zisko N, Nauman J, Aspvik NP, Ingebrigtsen JE, Wisløff U, Stensvold D."",""Med Sci Sports Exerc. 2019 Jan";"51(1):49-55. doi: 10.1249/MSS.0000000000001742."",""Med Sci Sports Exerc.  2019"",""PubMed"",""citation"",""PMID:30113524"",""pubmed"",""30113524"",""create date:2018/08/17 | first author:Viken H"",";
"How Sickle Cell Disease Impairs Skeletal Muscle Function: Implications in Daily Life.,""/pubmed/30095751"",""Merlet AN, Chatel B, Hourdé C, Ravelojaona M, Bendahan D, Féasson L, Messonnier LA."",""Med Sci Sports Exerc. 2019 Jan";"51(1):4-11. doi: 10.1249/MSS.0000000000001757."",""Med Sci Sports Exerc.  2019"",""PubMed"",""citation"",""PMID:30095751"",""pubmed"",""30095751"",""create date:2018/08/11 | first author:Merlet AN"",";
"Looking Further When Symptoms Are Disproportionate to Physical Findings.,""/pubmed/30095741"",""Shrier I, Morrison DR, Hawkes R."",""Med Sci Sports Exerc. 2019 Jan";"51(1):1-3. doi: 10.1249/MSS.0000000000001744."",""Med Sci Sports Exerc.  2019"",""PubMed"",""citation"",""PMID:30095741"",""pubmed"",""30095741"",""create date:2018/08/11 | first author:Shrier I"",";
"Mild hypohydration impairs cycle ergometry performance in the heat: A blinded study.,""/pubmed/30659665"",""Adams JD, Scott DM, Brand NA, Suh HG, Seal AD, McDermott BP, Ganio MS, Kavouras SA."",""Scand J Med Sci Sports. 2019 Jan 19. doi: 10.1111/sms.13386. [Epub ahead of print]"",""Scand J Med Sci Sports.  2019"",""PubMed"",""citation"",""PMID:30659665"",""pubmed"",""30659665"",""create date:2019/01/20 | first author:Adams JD"",";;
"Razor hamstring curl and Nordic hamstring exercise architectural adaptations: Impact of exercise selection and intensity.,""/pubmed/30629773"",""Pollard CW, Opar DA, Williams MD, Bourne MN, Timmins RG."",""Scand J Med Sci Sports. 2019 Jan 10. doi: 10.1111/sms.13381. [Epub ahead of print]"",""Scand J Med Sci Sports.  2019"",""PubMed"",""citation"",""PMID:30629773"",""pubmed"",""30629773"",""create date:2019/01/11 | first author:Pollard CW"",";;
"Physical inactivity caused economic burden depends on regional cultural differences.,""/pubmed/30260508"",""Mattli R, Wieser S, Probst-Hensch N, Schmidt-Trucksäss A, Schwenkglenks M."",""Scand J Med Sci Sports. 2019 Jan";"29(1):95-104. doi: 10.1111/sms.13311. Epub 2018 Oct 15."",""Scand J Med Sci Sports.  2019"",""PubMed"",""citation"",""PMID:30260508"",""pubmed"",""30260508"",""create date:2018/09/28 | first author:Mattli R"",";
"Effects of barbell back squat stance width on sagittal and frontal hip and knee kinetics.,""/pubmed/30230052"",""Lahti J, Hegyi A, Vigotsky AD, Ahtiainen JP."",""Scand J Med Sci Sports. 2019 Jan";"29(1):44-54. doi: 10.1111/sms.13305. Epub 2018 Oct 11."",""Scand J Med Sci Sports.  2019"",""PubMed"",""citation"",""PMID:30230052"",""pubmed"",""30230052"",""create date:2018/09/20 | first author:Lahti J"",";
"A study of coach-team perceptual distance concerning the coach-created motivational climate in youth sport.,""/pubmed/30230049"",""Gjesdal S, Stenling A, Solstad BE, Ommundsen Y."",""Scand J Med Sci Sports. 2019 Jan";"29(1):132-143. doi: 10.1111/sms.13306. Epub 2018 Oct 4."",""Scand J Med Sci Sports.  2019"",""PubMed"",""citation"",""PMID:30230049"",""pubmed"",""30230049"",""create date:2018/09/20 | first author:Gjesdal S"",";
"High-density electromyography activity in various hamstring exercises.,""/pubmed/30230042"",""Hegyi A, Csala D, Péter A, Finni T, Cronin NJ."",""Scand J Med Sci Sports. 2019 Jan";"29(1):34-43. doi: 10.1111/sms.13303. Epub 2018 Oct 4."",""Scand J Med Sci Sports.  2019"",""PubMed"",""citation"",""PMID:30230042"",""pubmed"",""30230042"",""create date:2018/09/20 | first author:Hegyi A"",";
"The Accuracy of Acquiring Heart Rate Variability from Portable Devices: A Systematic Review and Meta-Analysis.,""/pubmed/30706234"",""Dobbs WC, Fedewa MV, MacDonald HV, Holmes CJ, Cicone ZS, Plews DJ, Esco MR."",""Sports Med. 2019 Jan 31. doi: 10.1007/s40279-019-01061-5. [Epub ahead of print] Review."",""Sports Med.  2019"",""PubMed"",""citation"",""PMID:30706234"",""pubmed"",""30706234"",""create date:2019/02/02 | first author:Dobbs WC"",";;
"Institutional Guidelines for Resistance Exercise Training in Cardiovascular Disease: A Systematic Review.,""/pubmed/30701461"",""Fidalgo ASF, Farinatti P, Borges JP, de Paula T, Monteiro W."",""Sports Med. 2019 Jan 30. doi: 10.1007/s40279-019-01059-z. [Epub ahead of print] Review."",""Sports Med.  2019"",""PubMed"",""citation"",""PMID:30701461"",""pubmed"",""30701461"",""create date:2019/02/01 | first author:Fidalgo ASF"",";;
"Comment on ""Review of WADA Prohibited Substances: Limited Evidence for Performance-Enhancing Effects"".,""/pubmed/30689130"",""Holgado D, Zandonai T, Sanabria D."",""Sports Med. 2019 Jan 28. doi: 10.1007/s40279-019-01064-2. [Epub ahead of print] No abstract available. "",""Sports Med.  2019"",""PubMed"",""citation"",""PMID:30689130"",""pubmed"",""30689130"",""create date:2019/01/29 | first author:Holgado D"",";;
"Bone Bruises Associated with Anterior Cruciate Ligament Injury as Indicators of Injury Mechanism: A Systematic Review.,""/pubmed/30689129"",""Zhang L, Hacke JD, Garrett WE, Liu H, Yu B."",""Sports Med. 2019 Jan 28. doi: 10.1007/s40279-019-01060-6. [Epub ahead of print] Review."",""Sports Med.  2019"",""PubMed"",""citation"",""PMID:30689129"",""pubmed"",""30689129"",""create date:2019/01/29 | first author:Zhang L"",";;
"Reply to Holgado et al.: Comment on ""Review of WADA Prohibited Substances: Limited Evidence for Performance-Enhancing Effects"".,""/pubmed/30689128"",""Heuberger JAAC, Cohen AF."",""Sports Med. 2019 Jan 28. doi: 10.1007/s40279-019-01062-4. [Epub ahead of print] No abstract available. "",""Sports Med.  2019"",""PubMed"",""citation"",""PMID:30689128"",""pubmed"",""30689128"",""create date:2019/01/29 | first author:Heuberger JAAC"",";;
"Exploring the Justifications for Selecting a Drop Landing Task to Assess Injury Biomechanics: A Narrative Review and Analysis of Landings Performed by Female Netball Players.,""/pubmed/30684242"",""Collings TJ, Gorman AD, Stuelcken MC, Mellifont DB, Sayers MGL."",""Sports Med. 2019 Jan 25. doi: 10.1007/s40279-018-01045-x. [Epub ahead of print] Review."",""Sports Med.  2019"",""PubMed"",""citation"",""PMID:30684242"",""pubmed"",""30684242"",""create date:2019/01/27 | first author:Collings TJ"",";;
"Exit Gluten-Free and Enter Low FODMAPs: A Novel Dietary Strategy to Reduce Gastrointestinal Symptoms in Athletes.,""/pubmed/30671907"",""Lis DM."",""Sports Med. 2019 Jan 22. doi: 10.1007/s40279-018-01034-0. [Epub ahead of print] Review."",""Sports Med.  2019"",""PubMed"",""citation"",""PMID:30671907"",""pubmed"",""30671907"",""create date:2019/01/24 | first author:Lis DM"",";;
"Fruit-Derived Polyphenol Supplementation for Athlete Recovery and Performance.,""/pubmed/30671906"",""Bowtell J, Kelly V."",""Sports Med. 2019 Jan 22. doi: 10.1007/s40279-018-0998-x. [Epub ahead of print] Review."",""Sports Med.  2019"",""PubMed"",""citation"",""PMID:30671906"",""pubmed"",""30671906"",""create date:2019/01/24 | first author:Bowtell J"",";;
"Heat, Hydration and the Human Brain, Heart and Skeletal Muscles.,""/pubmed/30671905"",""Trangmar SJ, González-Alonso J."",""Sports Med. 2019 Jan 22. doi: 10.1007/s40279-018-1033-y. [Epub ahead of print] Review."",""Sports Med.  2019"",""PubMed"",""citation"",""PMID:30671905"",""pubmed"",""30671905"",""create date:2019/01/24 | first author:Trangmar SJ"",";;
"Food-First Approach to Enhance the Regulation of Post-exercise Skeletal Muscle Protein Synthesis and Remodeling.,""/pubmed/30671904"",""Burd NA, Beals JW, Martinez IG, Salvador AF, Skinner SK."",""Sports Med. 2019 Jan 22. doi: 10.1007/s40279-018-1009-y. [Epub ahead of print] Review."",""Sports Med.  2019"",""PubMed"",""citation"",""PMID:30671904"",""pubmed"",""30671904"",""create date:2019/01/24 | first author:Burd NA"",";;
"Phytochemicals for Improving Aspects of Cognitive Function and Psychological State Potentially Relevant to Sports Performance.,""/pubmed/30671903"",""Kennedy DO."",""Sports Med. 2019 Jan 22. doi: 10.1007/s40279-018-1007-0. [Epub ahead of print] Review."",""Sports Med.  2019"",""PubMed"",""citation"",""PMID:30671903"",""pubmed"",""30671903"",""create date:2019/01/24 | first author:Kennedy DO"",";;
"From Paper to Podium: Quantifying the Translational Potential of Performance Nutrition Research.,""/pubmed/30671902"",""Close GL, Kasper AM, Morton JP."",""Sports Med. 2019 Jan 22. doi: 10.1007/s40279-018-1005-2. [Epub ahead of print] Review."",""Sports Med.  2019"",""PubMed"",""citation"",""PMID:30671902"",""pubmed"",""30671902"",""create date:2019/01/24 | first author:Close GL"",";;
"Match Running Performance in Young Soccer Players: A Systematic Review.,""/pubmed/30671900"",""Palucci Vieira LH, Carling C, Barbieri FA, Aquino R, Santiago PRP."",""Sports Med. 2019 Jan 22. doi: 10.1007/s40279-018-01048-8. [Epub ahead of print] Review."",""Sports Med.  2019"",""PubMed"",""citation"",""PMID:30671900"",""pubmed"",""30671900"",""create date:2019/01/24 | first author:Palucci Vieira LH"",";;
"Impact of Ad Libitum Versus Programmed Drinking on Endurance Performance: A Systematic Review with Meta-Analysis.,""/pubmed/30659500"",""Goulet EDB, Hoffman MD."",""Sports Med. 2019 Jan 18. doi: 10.1007/s40279-018-01051-z. [Epub ahead of print] Review."",""Sports Med.  2019"",""PubMed"",""citation"",""PMID:30659500"",""pubmed"",""30659500"",""create date:2019/01/20 | first author:Goulet EDB"",";;
"The Muscle Protein Synthetic Response to Meal Ingestion Following Resistance-Type Exercise.,""/pubmed/30659499"",""Trommelen J, Betz MW, van Loon LJC."",""Sports Med. 2019 Jan 18. doi: 10.1007/s40279-019-01053-5. [Epub ahead of print] Review."",""Sports Med.  2019"",""PubMed"",""citation"",""PMID:30659499"",""pubmed"",""30659499"",""create date:2019/01/20 | first author:Trommelen J"",";;
"Revised Approach to the Role of Fatigue in Anterior Cruciate Ligament Injury Prevention: A Systematic Review with Meta-Analyses.,""/pubmed/30659497"",""Benjaminse A, Webster KE, Kimp A, Meijer M, Gokeler A."",""Sports Med. 2019 Jan 18. doi: 10.1007/s40279-019-01052-6. [Epub ahead of print] Review."",""Sports Med.  2019"",""PubMed"",""citation"",""PMID:30659497"",""pubmed"",""30659497"",""create date:2019/01/20 | first author:Benjaminse A"",";;
"Reply to Tarp et al.: Comment on: ""Cardiorespiratory Fitness in Childhood and Adolescence Affects Future Cardiovascular Risk Factors: A Systematic Review of Longitudinal Studies"".,""/pubmed/30593651"",""Mintjens S, Menting MD, Daams JG, van Poppel MNM, Roseboom TJ, Gemke RJBJ."",""Sports Med. 2019 Jan";"49(1):163-165. doi: 10.1007/s40279-018-01042-0. No abstract available. "",""Sports Med.  2019"",""PubMed"",""citation"",""PMID:30593651"",""pubmed"",""30593651"",""create date:2018/12/30 | first author:Mintjens S"",";
"Comment on: ""Cardiorespiratory Fitness in Childhood and Adolescence Affects Future Cardiovascular Risk Factors: A Systematic Review of Longitudinal Studies"".,""/pubmed/30593650"",""Tarp J, Dalene KE, Steene-Johannessen J, Ekelund U."",""Sports Med. 2019 Jan";"49(1):159-161. doi: 10.1007/s40279-018-01035-z. No abstract available. "",""Sports Med.  2019"",""PubMed"",""citation"",""PMID:30593650"",""pubmed"",""30593650"",""create date:2018/12/30 | first author:Tarp J"",";
"The Immediate Effects of Acute Aerobic Exercise on Cognition in Healthy Older Adults: A Systematic Review.,""/pubmed/30560422"",""McSween MP, Coombes JS, MacKay CP, Rodriguez AD, Erickson KI, Copland DA, McMahon KL."",""Sports Med. 2019 Jan";"49(1):67-82. doi: 10.1007/s40279-018-01039-9. Review."",""Sports Med.  2019"",""PubMed"",""citation"",""PMID:30560422"",""pubmed"",""30560422"",""create date:2018/12/19 | first author:McSween MP"",";
"Exercise Dose and Weight Loss in Adolescents with Overweight-Obesity: A Meta-Regression.,""/pubmed/30560421"",""Stoner L, Beets MW, Brazendale K, Moore JB, Weaver RG."",""Sports Med. 2019 Jan";"49(1):83-94. doi: 10.1007/s40279-018-01040-2. Review."",""Sports Med.  2019"",""PubMed"",""citation"",""PMID:30560421"",""pubmed"",""30560421"",""create date:2018/12/19 | first author:Stoner L"",";
"Effects of Carbohydrate Mouth Rinse on Cycling Time Trial Performance: A Systematic Review and Meta-Analysis.,""/pubmed/30488186"",""Brietzke C, Franco-Alvarenga PE, Coelho-Júnior HJ, Silveira R, Asano RY, Pires FO."",""Sports Med. 2019 Jan";"49(1):57-66. doi: 10.1007/s40279-018-1029-7. Review."",""Sports Med.  2019"",""PubMed"",""citation"",""PMID:30488186"",""pubmed"",""30488186"",""create date:2018/11/30 | first author:Brietzke C"",";
"The Biomechanics of Competitive Male Runners in Three Marathon Racing Shoes: A Randomized Crossover Study.,""/pubmed/30460454"",""Hoogkamer W, Kipp S, Kram R."",""Sports Med. 2019 Jan";"49(1):133-143. doi: 10.1007/s40279-018-1024-z."",""Sports Med.  2019"",""PubMed"",""citation"",""PMID:30460454"",""pubmed"",""30460454"",""create date:2018/11/22 | first author:Hoogkamer W"",";
"Fat-Free Adipose Tissue Mass: Impact on Peak Oxygen Uptake (VO(2peak)) in Adolescents with and without Obesity.,""/pubmed/30426345"",""Abe T, Loenneke JP, Thiebaud RS."",""Sports Med. 2019 Jan";"49(1):9-15. doi: 10.1007/s40279-018-1020-3. Review."",""Sports Med.  2019"",""PubMed"",""citation"",""PMID:30426345"",""pubmed"",""30426345"",""create date:2018/11/15 | first author:Abe T"",";
"Correction to: Effects of Blood Flow Restriction Training on Muscular Strength and Hypertrophy in Older Individuals: A Systematic Review and Meta-Analysis.,""/pubmed/30414044"",""Centner C, Wiegel P, Gollhofer A, König D."",""Sports Med. 2019 Jan";"49(1):109-111. doi: 10.1007/s40279-018-1013-2."",""Sports Med.  2019"",""PubMed"",""citation"",""PMID:30414044"",""pubmed"",""30414044"",""create date:2018/11/11 | first author:Centner C"",";
"Biological Background of Block Periodized Endurance Training: A Review.,""/pubmed/30411234"",""Issurin VB."",""Sports Med. 2019 Jan";"49(1):31-39. doi: 10.1007/s40279-018-1019-9. Review."",""Sports Med.  2019"",""PubMed"",""citation"",""PMID:30411234"",""pubmed"",""30411234"",""create date:2018/11/10 | first author:Issurin VB"",";
"Temporal Trends in the Cardiorespiratory Fitness of 2,525,827 Adults Between 1967 and 2016: A Systematic Review.,""/pubmed/30390202"",""Lamoureux NR, Fitzgerald JS, Norton KI, Sabato T, Tremblay MS, Tomkinson GR."",""Sports Med. 2019 Jan";"49(1):41-55. doi: 10.1007/s40279-018-1017-y. Review."",""Sports Med.  2019"",""PubMed"",""citation"",""PMID:30390202"",""pubmed"",""30390202"",""create date:2018/11/06 | first author:Lamoureux NR"",";
"The Efficacy and Safety of Lower-Limb Plyometric Training in Older Adults: A Systematic Review.,""/pubmed/30387072"",""Vetrovsky T, Steffl M, Stastny P, Tufano JJ."",""Sports Med. 2019 Jan";"49(1):113-131. doi: 10.1007/s40279-018-1018-x. Review."",""Sports Med.  2019"",""PubMed"",""citation"",""PMID:30387072"",""pubmed"",""30387072"",""create date:2018/11/06 | first author:Vetrovsky T"",";
"Effects of Blood Flow Restriction Training on Muscular Strength and Hypertrophy in Older Individuals: A Systematic Review and Meta-Analysis.,""/pubmed/30306467"",""Centner C, Wiegel P, Gollhofer A, König D."",""Sports Med. 2019 Jan";49(1):95-108. doi: 10.1007/s40279-018-0994-1. Review. Erratum in: Sports Med. 2018 Nov 9;":. "",""Sports Med.  2019"",""PubMed"",""citation"",""PMID:30306467"",""pubmed"",""30306467"",""create date:2018/10/12 | first author:Centner C"","
"The Influence of Caffeine Supplementation on Resistance Exercise: A Review.,""/pubmed/30298476"",""Grgic J, Mikulic P, Schoenfeld BJ, Bishop DJ, Pedisic Z."",""Sports Med. 2019 Jan";"49(1):17-30. doi: 10.1007/s40279-018-0997-y. Review."",""Sports Med.  2019"",""PubMed"",""citation"",""PMID:30298476"",""pubmed"",""30298476"",""create date:2018/10/10 | first author:Grgic J"",";
